District,District_Code,African_American,Asian,Hispanic,White,Native_American,Native_Hawaiian_Pacific_Islander,MultiRace_NonHispanic,Males,Females
Abby Kelley Foster Charter Public (District),04450000,51.3,3.4,22.7,19.7,0.2,0.1,2.5,47.5,52.5
Abington,00010000,3.6,2.2,7.5,85.3,0.4,0.1,0.9,50.7,49.3
Academy Of the Pacific Rim Charter Public (District),04120000,60.5,1.1,27.0,8.9,0.0,0.2,2.3,50.8,49.2
Acton-Boxborough,06000000,2.4,33.0,5.2,54.6,0.2,0.1,4.6,51.9,48.1
Acushnet,00030000,0.8,0.4,3.3,92.8,0.1,0.0,2.6,51.3,48.7
Adams-Cheshire,06030000,3.8,0.9,2.9,89.8,0.2,0.1,2.3,51.5,48.5
Advanced Math and Science Academy Charter (District),04300000,1.8,17.4,5.7,67.7,0.3,0.0,7.1,52.0,48.0
Agawam,00050000,2.2,3.2,8.0,83.8,0.0,0.0,2.7,51.4,48.6
Alma del Mar Charter School (District),04090000,15.9,0.0,59.0,24.3,0.7,0.0,0.2,44.4,55.6
Amesbury,00070000,1.8,1.2,7.8,85.0,0.1,0.1,3.9,52.7,47.3
Amherst,00080000,8.7,14.4,21.4,47.0,0.3,0.0,8.2,52.6,47.3
Amherst-Pelham,06050000,7.5,9.1,16.7,57.9,0.1,0.1,8.6,50.7,49.2
Andover,00090000,2.2,18.4,6.2,70.0,0.2,0.0,3.0,49.8,50.1
Argosy Collegiate Charter School (District),35090000,10.7,1.7,18.7,63.1,0.2,0.0,5.6,53.2,46.8
Arlington,00100000,3.5,12.9,6.2,71.0,0.1,0.1,6.2,50.9,49.1
Ashburnham-Westminster,06100000,0.6,0.9,4.8,91.0,0.0,0.0,2.6,50.4,49.6
Ashland,00140000,2.5,14.8,11.7,67.1,0.6,0.0,3.2,49.4,50.6
Assabet Valley Regional Vocational Technical,08010000,1.0,0.5,16.5,79.1,0.3,0.0,2.6,59.9,40.0
Athol-Royalston,06150000,1.4,1.4,9.2,84.6,0.0,0.0,3.4,52.8,47.2
Atlantis Charter (District),04910000,5.6,1.8,10.7,77.9,0.2,0.1,3.8,47.8,52.2
Attleboro,00160000,6.3,4.7,14.8,67.7,0.2,0.1,6.2,52.6,47.3
Auburn,00170000,1.8,3.8,8.9,81.9,0.1,0.0,3.5,50.5,49.5
Avon,00180000,30.5,4.8,8.9,49.7,0.3,0.0,5.8,52.6,47.4
Ayer Shirley School District,06160000,4.0,2.9,10.5,75.9,0.8,0.4,5.5,51.8,48.2
Barnstable,00200000,7.8,1.9,15.0,69.4,0.4,0.3,5.3,51.2,48.8
Barnstable Community Horace Mann Charter Public (District),04270000,17.9,3.4,28.6,45.5,0.3,0.0,4.1,50.0,50.0
Baystate Academy Charter Public School (District),35020000,24.6,0.6,68.4,5.0,0.0,0.2,1.2,49.8,50.2
Bedford,00230000,6.2,17.1,5.8,65.3,0.0,0.1,5.5,51.1,48.9
Belchertown,00240000,2.0,1.6,4.5,88.4,0.2,0.2,3.2,50.6,49.4
Bellingham,00250000,1.9,2.7,4.5,88.2,0.1,0.4,2.1,50.3,49.6
Belmont,00260000,3.4,20.1,4.2,65.1,0.1,0.1,7.1,51.0,49.0
Benjamin Banneker Charter Public (District),04200000,83.3,0.8,11.0,2.0,0.3,0.6,2.0,49.2,50.8
Benjamin Franklin Classical Charter Public (District),04470000,2.4,22.7,3.5,67.1,0.0,0.0,4.4,47.1,52.9
Bentley Academy Charter School (District),35110000,11.8,2.4,57.5,25.4,0.0,0.0,2.9,46.6,53.4
Berkley,00270000,0.3,0.1,1.7,93.8,0.1,0.1,3.8,48.9,51.1
Berkshire Arts and Technology Charter Public (District),04140000,11.9,2.9,9.3,69.8,0.3,0.0,5.8,52.6,47.4
Berkshire Hills,06180000,1.7,2.7,8.7,81.3,0.2,0.2,5.2,51.3,48.7
Berlin,00280000,0.5,2.2,4.4,88.5,0.0,0.0,4.4,55.7,44.3
Berlin-Boylston,06200000,2.4,3.6,3.4,87.8,0.0,0.2,2.6,53.5,46.5
Beverly,00300000,3.4,2.4,13.4,77.2,0.0,0.0,3.5,52.0,48.0
Billerica,00310000,4.5,7.9,6.6,77.7,0.1,0.1,3.1,51.2,48.8
Blackstone Valley Regional Vocational Technical,08050000,0.9,2.0,4.4,91.4,0.0,0.0,1.4,49.6,50.4
Blackstone-Millville,06220000,1.1,0.9,6.9,87.1,0.0,0.0,4.1,52.1,47.9
Blue Hills Regional Vocational Technical,08060000,22.7,1.4,12.7,58.1,0.6,0.1,4.4,56.1,43.9
Boston,00350000,30.9,8.9,42.1,14.6,0.3,0.1,3.1,51.6,48.3
Boston Collegiate Charter (District),04490000,31.7,2.3,18.3,45.3,0.1,0.0,2.2,49.9,50.1
Boston Day and Evening Academy Charter (District),04240000,47.3,1.0,43.0,5.7,0.5,0.0,2.6,48.9,50.8
Boston Green Academy Horace Mann Charter School (District),04110000,45.0,2.7,40.1,9.0,0.2,0.4,2.5,50.8,49.2
Boston Preparatory Charter Public (District),04160000,65.0,1.7,28.9,1.1,0.2,0.2,2.9,49.2,50.8
Boston Renaissance Charter Public (District),04810000,62.6,0.3,31.3,2.0,0.0,0.0,3.8,48.5,51.5
Bourne,00360000,1.5,1.6,5.9,86.8,0.9,0.2,3.2,48.9,51.1
Boxford,00380000,0.6,4.5,2.2,87.0,0.1,0.0,5.6,53.2,46.8
Boylston,00390000,1.3,5.4,6.0,83.2,0.3,0.0,3.7,51.7,48.3
Braintree,00400000,4.8,19.8,4.8,68.8,0.1,0.1,1.5,50.3,49.7
Brewster,00410000,1.9,0.6,6.5,85.8,0.0,0.0,5.2,52.1,47.9
Bridge Boston Charter School (District),04170000,65.2,1.2,29.2,0.9,0.0,0.3,3.2,50.4,49.6
Bridgewater-Raynham,06250000,5.2,2.0,1.1,87.0,0.1,0.1,4.4,51.5,48.5
Brimfield,00430000,1.7,1.4,2.0,93.9,1.0,0.0,0.0,48.5,51.5
Bristol County Agricultural,09100000,1.3,0.0,4.0,93.2,0.0,0.2,1.3,27.5,72.0
Bristol-Plymouth Regional Vocational Technical,08100000,3.2,0.6,6.7,85.4,0.7,0.0,3.4,58.2,41.6
Brockton,00440000,59.4,2.0,15.8,17.7,0.4,0.2,4.5,52.1,47.9
Brooke Charter School (District),04280000,53.4,1.8,38.5,4.5,0.1,0.0,1.6,48.4,51.6
Brookfield,00450000,0.3,0.0,6.0,90.2,0.0,0.0,3.5,50.6,49.4
Brookline,00460000,5.8,20.1,10.7,53.9,0.0,0.1,9.5,50.7,49.1
Burlington,00480000,6.1,17.0,6.2,66.4,0.3,0.0,4.1,50.6,49.4
Cambridge,00490000,23.8,12.8,13.7,40.5,0.3,0.2,8.7,50.5,49.5
Canton,00500000,10.5,10.8,5.1,67.8,0.0,0.2,5.6,49.8,50.1
Cape Cod Lighthouse Charter (District),04320000,2.5,2.1,4.5,85.5,0.4,0.0,5.0,45.5,54.5
Cape Cod Regional Vocational Technical,08150000,7.9,0.7,12.1,72.5,1.9,0.5,4.4,65.3,34.7
Carlisle,00510000,0.7,11.2,4.5,73.7,0.0,0.0,10.0,53.2,46.8
Carver,00520000,1.3,0.5,1.5,95.1,0.2,0.1,1.3,50.7,49.3
Central Berkshire,06350000,0.6,0.8,3.9,91.1,0.2,0.0,3.3,51.4,48.6
Chelmsford,00560000,3.1,15.1,5.7,72.8,0.2,0.1,3.0,52.1,47.9
Chelsea,00570000,5.0,1.0,86.6,6.5,0.1,0.0,0.8,51.8,48.2
Chesterfield-Goshen,06320000,1.6,0.0,1.6,95.3,1.6,0.0,0.0,49.6,50.4
Chicopee,00610000,4.2,2.1,38.2,52.3,0.1,0.0,3.1,53.5,46.4
Christa McAuliffe Charter Public (District),04180000,2.5,4.0,12.8,75.4,0.3,0.0,5.0,51.0,49.0
City on a Hill Charter Public School Circuit Street (District),04370000,67.9,0.0,29.9,1.8,0.0,0.0,0.4,52.4,47.6
City on a Hill Charter Public School Dudley Square (District),35040000,67.8,2.4,26.9,1.6,0.0,0.0,1.2,48.2,51.8
City on a Hill Charter Public School New Bedford (District),35070000,11.1,0.9,45.6,36.4,0.9,0.0,5.1,52.1,47.5
Clarksburg,00630000,0.0,0.0,0.5,96.2,0.0,0.0,3.2,49.2,50.8
Clinton,00640000,3.4,1.5,25.0,68.0,0.0,0.1,2.0,52.0,48.0
Codman Academy Charter Public (District),04380000,75.7,0.0,21.9,0.6,0.3,0.6,0.9,48.8,51.2
Cohasset,00650000,3.0,2.4,1.3,91.8,0.1,0.0,1.3,50.9,49.1
Collegiate Charter School of Lowell (District),35030000,18.8,25.1,36.1,15.4,0.1,0.0,4.6,49.1,50.9
Community Charter School of Cambridge (District),04360000,65.1,4.8,20.8,4.2,0.6,0.3,4.2,44.6,55.4
Community Day Charter Public School - Gateway (District),04260000,1.1,0.6,95.6,2.5,0.3,0.0,0.0,51.9,48.1
Community Day Charter Public School - Prospect (District),04400000,0.5,0.3,97.2,2.0,0.0,0.0,0.0,49.1,50.9
Community Day Charter Public School - R. Kingman Webster (District),04310000,1.1,1.1,93.6,3.6,0.0,0.0,0.6,48.1,51.9
Concord,00670000,4.2,7.2,6.3,75.7,0.1,0.0,6.3,51.7,48.2
Concord-Carlisle,06400000,4.2,8.7,4.6,77.6,0.1,0.0,4.8,47.3,52.5
Conservatory Lab Charter (District),04390000,48.8,3.2,40.8,4.8,0.0,0.0,2.5,44.7,55.3
Conway,00680000,1.5,0.0,5.2,92.6,0.0,0.0,0.7,52.6,47.4
Danvers,00710000,2.3,2.6,7.8,84.4,0.2,0.1,2.6,51.0,49.0
Dartmouth,00720000,1.4,0.6,4.1,87.7,0.0,0.0,6.2,52.6,47.3
Dedham,00730000,7.3,2.6,16.0,69.6,0.2,0.0,4.3,51.9,48.1
Deerfield,00740000,0.3,0.8,6.1,85.7,0.0,0.0,7.1,49.2,50.8
Dennis-Yarmouth,06450000,9.4,2.2,12.5,67.1,2.1,0.2,6.5,50.8,49.2
Dighton-Rehoboth,06500000,1.1,1.3,4.5,89.6,0.1,0.0,3.4,51.9,48.1
Douglas,00770000,0.5,1.1,3.8,91.4,0.0,0.2,3.0,51.8,48.2
Dover,00780000,3.4,14.8,4.2,72.5,0.0,0.2,4.8,56.1,43.9
Dover-Sherborn,06550000,2.9,8.7,4.0,80.1,0.2,0.0,4.1,52.2,47.7
Dracut,00790000,6.6,6.6,9.5,75.3,0.2,0.0,1.8,51.9,48.1
Dudley Street Neighborhood Charter School (District),04070000,62.5,0.0,34.8,2.0,0.4,0.0,0.4,47.7,52.3
Dudley-Charlton Reg,06580000,1.6,1.2,8.4,85.7,0.2,0.1,2.9,50.9,49.1
Duxbury,00820000,0.3,1.3,2.3,92.7,0.1,0.0,3.3,50.6,49.4
East Bridgewater,00830000,2.8,0.8,2.1,91.2,0.4,0.0,2.7,50.8,49.2
East Longmeadow,00870000,3.5,5.3,8.6,79.5,0.2,0.1,2.8,51.6,48.4
Eastham,00850000,8.2,3.5,1.8,83.6,0.0,0.0,2.9,52.0,48.0
Easthampton,00860000,1.1,3.6,13.1,78.8,0.3,0.1,3.0,50.7,49.2
Easton,00880000,6.2,3.2,5.5,81.6,0.4,0.1,3.1,50.2,49.8
Edgartown,00890000,3.5,0.3,19.7,67.8,2.4,0.0,6.2,48.4,51.6
Edward M. Kennedy Academy for Health Careers (Horace Mann Charter) (District),04520000,40.7,0.8,51.4,3.7,0.5,0.0,2.9,37.3,62.7
Erving,00910000,0.8,0.0,3.1,84.4,0.0,0.0,11.7,53.9,46.1
Essex North Shore Agricultural and Technical School District,08170000,1.1,1.6,12.0,81.8,0.4,0.0,3.0,42.0,57.8
Everett,00930000,16.4,5.1,54.4,22.0,0.4,0.1,1.7,51.1,48.9
Excel Academy Charter (District),04100000,6.4,1.2,79.3,11.4,0.8,0.3,0.5,49.0,51.0
Fairhaven,00940000,2.2,1.8,5.5,86.3,0.6,0.0,3.5,49.8,50.2
Fall River,00950000,8.4,3.9,27.5,51.3,0.2,0.1,8.7,51.3,48.7
Falmouth,00960000,4.8,2.2,6.2,79.5,1.2,0.1,6.0,50.2,49.7
Farmington River Reg,06620000,0.0,0.0,0.9,99.1,0.0,0.0,0.0,60.9,39.1
Fitchburg,00970000,6.5,4.8,51.8,29.6,0.0,0.1,7.3,51.8,48.2
Florida,00980000,1.1,0.0,0.0,98.9,0.0,0.0,0.0,49.4,50.6
Four Rivers Charter Public (District),04130000,2.3,1.8,7.3,83.6,0.5,0.0,4.6,48.4,51.6
Foxborough,00990000,4.8,4.3,5.4,82.1,0.4,0.1,2.7,51.8,48.1
Foxborough Regional Charter (District),04460000,46.7,9.8,4.8,32.9,0.3,0.2,5.3,48.2,51.8
Framingham,01000000,7.6,4.9,27.4,55.7,0.1,0.1,4.3,51.1,48.9
Francis W. Parker Charter Essential (District),04780000,1.0,1.8,2.3,89.9,0.0,0.0,5.0,46.6,52.4
Franklin,01010000,1.9,5.6,3.4,86.2,0.1,0.8,2.0,51.3,48.6
Franklin County Regional Vocational Technical,08180000,1.6,0.0,3.6,92.3,0.0,0.0,2.4,65.6,34.4
Freetown-Lakeville,06650000,1.4,0.8,1.7,93.8,0.1,0.1,2.1,51.3,48.7
Frontier,06700000,1.4,2.8,4.2,88.4,0.0,0.2,3.1,54.3,45.7
Gardner,01030000,2.7,2.1,20.5,66.9,0.2,0.0,7.6,52.6,47.2
Gateway,06720000,0.8,0.4,4.2,91.8,0.4,0.1,2.3,50.4,49.6
Georgetown,01050000,0.6,1.2,2.1,94.1,0.0,0.1,1.9,51.1,48.9
Gill-Montague,06740000,1.3,0.4,11.4,79.7,0.2,0.2,6.7,52.1,47.9
Global Learning Charter Public (District),04960000,10.3,1.0,40.8,43.0,0.6,0.0,4.4,49.1,50.9
Gloucester,01070000,1.8,1.2,10.2,83.0,0.3,0.2,3.4,52.1,47.9
Gosnold,01090000,0.0,0.0,0.0, 100.0,0.0,0.0,0.0,0.0, 100.0
Grafton,01100000,1.6,12.1,4.6,78.3,0.1,0.1,3.0,51.8,48.2
Granby,01110000,0.1,1.5,9.5,86.0,0.4,0.0,2.5,52.3,47.7
Greater Fall River Regional Vocational Technical,08210000,2.6,1.8,11.5,77.7,0.4,0.1,5.8,54.4,45.6
Greater Lawrence Regional Vocational Technical,08230000,1.1,1.3,82.3,15.2,0.1,0.0,0.0,49.8,50.2
Greater Lowell Regional Vocational Technical,08280000,4.3,15.8,34.4,41.4,0.3,0.0,3.8,53.9,46.0
Greater New Bedford Regional Vocational Technical,08250000,8.3,0.9,22.6,63.3,0.4,0.0,4.3,50.4,49.6
Greenfield,01140000,2.5,1.4,19.2,71.6,0.1,0.0,5.2,52.8,47.1
Greenfield Commonwealth Virtual District,39010000,11.0,4.2,17.8,60.0,0.3,0.7,5.9,46.1,53.9
Groton-Dunstable,06730000,1.1,6.5,2.4,87.1,0.3,0.2,2.5,50.7,49.3
Hadley,01170000,2.2,4.7,9.5,78.0,0.4,2.2,3.0,51.5,48.5
Halifax,01180000,1.3,0.2,4.3,91.3,0.3,0.0,2.6,51.2,48.8
Hamilton-Wenham,06750000,0.5,3.7,4.2,89.3,0.1,0.3,2.0,48.7,51.3
Hampden Charter School of Science East (District),04990000,29.5,2.0,32.5,33.7,0.2,0.0,2.2,47.8,52.2
Hampden Charter School of Science West (District),35160000,12.4,1.4,28.2,55.0,0.5,0.0,2.4,51.2,48.8
Hampden-Wilbraham,06800000,2.5,2.7,7.1,84.2,0.2,0.1,3.2,49.8,50.2
Hampshire,06830000,0.6,0.8,2.8,93.3,0.0,0.0,2.5,47.0,52.9
Hancock,01210000,2.9,0.0,0.0,97.1,0.0,0.0,0.0,52.9,47.1
Hanover,01220000,0.9,2.3,2.3,93.8,0.0,0.0,0.6,52.4,47.6
Harvard,01250000,2.1,11.2,4.0,79.6,0.0,0.0,3.1,49.2,50.7
Hatfield,01270000,0.5,1.4,4.8,90.8,0.0,0.0,2.5,51.4,48.2
Haverhill,01280000,4.4,1.7,36.9,54.5,0.2,0.1,2.1,51.9,48.1
Hawlemont,06850000,0.7,0.0,9.3,84.8,0.7,0.0,4.6,41.7,58.3
Helen Y. Davis Leadership Academy Charter Public (District),04190000,71.7,0.5,26.2,0.5,0.5,0.5,0.0,51.8,48.2
Hill View Montessori Charter Public (District),04550000,5.3,0.3,23.4,68.8,0.0,0.0,2.3,46.1,53.9
Hilltown Cooperative Charter Public (District),04500000,0.9,0.9,4.1,81.6,0.0,0.0,12.4,52.1,47.5
Hingham,01310000,1.2,2.6,3.1,90.1,0.0,0.0,2.9,51.4,48.6
Holbrook,01330000,21.0,4.9,13.4,52.5,0.2,0.0,7.9,52.1,47.8
Holland,01350000,1.3,1.3,7.1,89.4,0.0,0.0,0.9,50.4,49.6
Holliston,01360000,1.0,8.3,5.1,82.5,0.2,0.0,3.0,51.8,48.1
Holyoke,01370000,3.1,0.8,81.0,13.8,0.1,0.0,1.2,52.7,47.2
Holyoke Community Charter (District),04530000,1.4,0.6,92.0,4.4,0.0,0.0,1.6,46.2,53.8
Hopedale,01380000,0.9,1.6,5.7,86.8,0.6,0.2,4.1,51.8,48.2
Hopkinton,01390000,0.7,17.1,3.5,75.1,0.2,0.0,3.4,50.4,49.6
Hudson,01410000,1.8,1.9,11.8,81.7,0.1,0.0,2.6,49.2,50.8
Hull,01420000,1.4,1.6,1.9,93.1,0.0,0.0,2.0,53.4,46.6
Innovation Academy Charter (District),04350000,5.8,7.7,7.5,73.9,0.1,0.0,5.0,46.9,53.1
Ipswich,01440000,1.2,1.8,5.5,87.4,0.1,0.0,4.1,49.3,50.6
King Philip,06900000,1.9,2.2,3.0,90.9,0.0,0.0,1.9,51.9,48.0
Kingston,01450000,0.7,0.4,2.5,95.3,0.5,0.0,0.7,50.9,49.0
KIPP Academy Boston Charter School (District),04630000,67.7,0.5,30.0,0.3,0.2,0.0,1.3,52.5,47.5
KIPP Academy Lynn Charter (District),04290000,20.3,3.2,67.4,5.9,0.1,0.1,3.0,49.0,51.0
Lawrence,01490000,1.3,1.2,93.4,3.7,0.0,0.0,0.4,52.5,47.3
Lawrence Family Development Charter (District),04540000,0.7,0.0,98.3,1.1,0.0,0.0,0.0,44.7,55.3
Lee,01500000,0.6,3.4,8.5,84.8,0.1,0.0,2.6,50.2,49.8
Leicester,01510000,5.4,2.6,8.9,80.1,0.2,0.1,2.7,54.1,45.8
Lenox,01520000,0.4,4.4,8.5,82.9,0.0,0.0,3.8,50.0,50.0
Leominster,01530000,8.2,3.2,34.9,49.3,0.1,0.1,4.2,52.0,47.9
Leverett,01540000,0.0,0.0,5.9,84.4,0.0,0.0,9.6,58.5,41.5
Lexington,01550000,4.0,39.3,4.0,45.9,0.1,0.0,6.8,50.9,49.1
Libertas Academy Charter School (District),35140000,12.4,0.0,84.8,1.7,0.0,0.0,1.1,55.6,44.4
Lincoln,01570000,8.9,3.6,15.9,60.7,0.3,0.3,10.3,49.7,50.3
Lincoln-Sudbury,06950000,4.8,6.2,4.6,79.8,0.1,0.1,4.4,52.8,47.2
Littleton,01580000,0.9,9.3,1.8,84.8,0.2,0.2,2.8,47.8,52.1
Longmeadow,01590000,2.4,9.9,5.0,78.7,0.0,0.1,3.8,51.0,49.0
Lowell,01600000,7.9,28.7,33.1,26.4,0.1,0.0,3.9,51.6,48.4
Lowell Community Charter Public (District),04560000,25.2,19.1,47.7,4.1,0.0,0.0,3.8,49.9,50.0
Lowell Middlesex Academy Charter (District),04580000,3.7,28.0,34.1,29.3,0.0,0.0,4.9,56.1,43.9
Ludlow,01610000,2.0,0.7,10.8,83.5,0.4,0.0,2.6,50.5,49.5
Lunenburg,01620000,2.1,2.0,7.0,86.1,0.4,0.3,2.1,51.4,48.6
Lynn,01630000,9.2,8.5,63.0,15.4,0.3,0.0,3.5,52.4,47.5
Lynnfield,01640000,1.7,6.0,5.3,84.2,0.0,0.0,2.7,49.9,50.1
Ma Academy for Math and Science,04680000,2.0,50.0,4.1,35.7,0.0,0.0,8.2,53.1,46.9
Malden,01650000,19.3,23.2,24.7,28.4,0.1,0.0,4.2,51.7,48.2
Manchester Essex Regional,06980000,0.6,0.9,1.3,96.1,0.0,0.0,1.1,49.2,50.8
Mansfield,01670000,3.6,6.6,4.7,81.3,0.1,0.0,3.8,52.4,47.6
Map Academy Charter School (District),35170000,7.7,0.0,20.0,63.8,0.8,1.5,6.2,63.1,36.9
Marblehead,01680000,2.8,1.6,6.9,85.4,0.1,0.0,3.2,50.6,49.4
Marblehead Community Charter Public (District),04640000,6.2,2.7,3.1,85.0,0.9,0.0,2.2,55.3,44.7
Marion,01690000,3.1,1.3,2.9,87.0,0.4,0.0,5.1,53.9,46.1
Marlborough,01700000,3.6,3.5,49.0,41.1,0.1,0.1,2.6,51.9,48.1
Marshfield,01710000,0.4,1.2,2.9,93.5,0.1,0.1,1.7,51.2,48.8
Martha's Vineyard,07000000,4.8,1.1,15.7,71.8,2.5,0.6,3.4,55.1,44.7
Martha's Vineyard Charter (District),04660000,2.7,0.5,12.1,73.6,2.2,0.0,8.8,45.1,54.9
Martin Luther King Jr. Charter School of Excellence (District),04920000,34.7,1.1,58.3,1.9,0.0,0.0,4.0,49.2,50.8
Masconomet,07050000,0.4,3.8,2.5,91.0,0.2,0.1,2.1,47.8,52.2
Mashpee,01720000,4.3,2.2,5.0,73.9,6.1,0.2,8.2,51.4,48.6
MATCH Charter Public School (District),04690000,46.3,0.6,48.4,2.0,0.5,0.2,2.1,47.2,52.8
Mattapoisett,01730000,0.7,1.6,4.3,88.7,0.0,0.0,4.8,52.6,47.4
Maynard,01740000,2.6,2.0,11.9,78.7,0.1,0.0,4.7,50.8,49.2
Medfield,01750000,1.0,4.2,3.9,87.3,0.3,0.0,3.3,51.3,48.7
Medford,01760000,12.8,9.6,12.7,59.6,0.4,0.1,4.8,51.7,48.3
Medway,01770000,1.5,2.8,3.9,89.3,0.1,0.1,2.3,49.6,50.4
Melrose,01780000,5.3,5.8,4.9,79.0,0.0,0.0,5.0,48.9,51.1
Mendon-Upton,07100000,0.5,2.2,4.3,90.5,0.1,0.0,2.4,50.1,49.9
Methuen,01810000,2.0,3.9,41.3,47.9,0.1,0.1,4.7,52.3,47.7
Middleborough,01820000,2.5,1.1,3.1,88.6,0.9,0.0,3.8,51.5,48.5
Middleton,01840000,0.7,4.7,3.4,86.3,1.0,0.1,3.7,49.9,50.1
Milford,01850000,2.9,2.1,28.4,61.4,1.5,0.0,3.5,52.3,47.7
Millbury,01860000,2.8,3.4,7.4,81.2,0.0,0.1,5.0,49.9,50.1
Millis,01870000,1.1,2.2,7.9,84.6,0.2,0.1,3.8,49.8,50.2
Milton,01890000,14.2,7.2,4.4,69.4,0.1,0.1,4.6,50.1,49.8
Minuteman Regional Vocational Technical,08300000,3.3,5.4,7.2,79.2,0.2,0.0,4.7,63.5,36.1
Mohawk Trail,07170000,0.4,0.4,4.5,91.5,0.1,0.1,2.9,49.3,50.6
Monomoy Regional School District,07120000,6.6,1.4,7.2,78.4,0.6,0.2,5.6,50.8,49.2
Monson,01910000,0.9,1.1,3.7,91.5,0.1,0.5,2.2,49.3,50.7
Montachusett Regional Vocational Technical,08320000,2.0,1.5,16.2,76.4,0.1,0.0,3.8,50.4,49.1
Mount Greylock,07150000,1.2,1.1,3.6,89.8,0.0,0.0,4.3,49.2,50.8
Mystic Valley Regional Charter (District),04700000,17.8,21.1,9.3,47.3,0.3,0.0,4.3,49.4,50.6
Nahant,01960000,0.0,0.7,4.6,92.7,0.0,0.0,2.0,48.3,51.7
Nantucket,01970000,10.4,1.9,31.7,52.0,0.1,0.0,4.0,51.6,48.3
Narragansett,07200000,1.3,0.3,6.0,89.1,0.1,0.1,3.2,53.4,46.5
Nashoba,07250000,1.3,3.2,4.8,87.6,0.1,0.1,3.0,50.2,49.8
Nashoba Valley Regional Vocational Technical,08520000,1.6,1.8,4.8,88.9,0.4,0.0,2.5,61.4,38.3
Natick,01980000,2.7,10.3,6.0,75.6,0.1,0.1,5.2,51.2,48.8
Nauset,06600000,5.0,2.5,4.5,84.3,0.2,0.1,3.4,46.4,53.4
Needham,01990000,2.9,8.8,5.8,77.3,0.1,0.0,5.1,49.9,50.1
Neighborhood House Charter (District),04440000,53.4,2.9,21.5,16.9,0.5,0.0,4.8,50.0,50.0
New Bedford,02010000,13.2,0.9,40.3,39.8,0.4,0.1,5.3,52.3,47.7
New Heights Charter School of Brockton (District),35130000,89.5,0.9,7.0,2.1,0.2,0.0,0.4,49.6,50.4
New Salem-Wendell,07280000,0.0,0.0,6.0,85.9,0.0,0.0,8.1,48.3,51.7
Newburyport,02040000,1.0,1.9,3.5,91.5,0.0,0.0,2.0,49.2,50.8
Newton,02070000,4.7,19.0,7.6,62.1,0.1,0.0,6.5,50.9,49.1
Norfolk,02080000,0.8,2.7,3.0,90.9,0.0,0.0,2.6,53.3,46.7
Norfolk County Agricultural,09150000,1.3,1.3,2.7,90.5,0.4,0.2,3.8,27.5,72.5
North Adams,02090000,2.6,0.4,6.4,82.6,0.2,0.1,7.6,49.5,50.5
North Andover,02110000,3.2,8.0,11.0,74.3,0.2,0.1,3.0,50.7,49.3
North Attleborough,02120000,3.9,6.8,4.7,80.4,0.2,0.1,3.9,50.9,49.0
North Brookfield,02150000,0.7,0.2,5.1,90.4,0.0,0.0,3.7,52.1,47.9
North Middlesex,07350000,1.6,1.5,4.3,89.0,0.1,0.1,3.3,50.7,49.3
North Reading,02170000,0.6,4.1,3.4,88.9,0.1,0.1,2.8,50.6,49.4
Northampton,02100000,2.8,3.9,16.7,69.8,0.2,0.0,6.6,51.6,48.4
Northampton-Smith Vocational Agricultural,04060000,1.2,0.4,14.5,81.8,0.0,0.0,2.0,54.7,45.3
Northboro-Southboro,07300000,1.2,11.1,5.1,78.6,0.4,0.2,3.3,48.6,51.4
Northborough,02130000,1.8,12.5,8.2,72.5,0.2,0.6,4.2,52.2,47.8
Northbridge,02140000,1.0,0.7,8.3,85.2,0.0,0.1,4.7,51.4,48.5
Northeast Metropolitan Regional Vocational Technical,08530000,2.9,1.2,33.2,60.4,0.1,0.2,2.1,54.1,45.9
Northern Berkshire Regional Vocational Technical,08510000,0.6,0.2,1.8,94.8,0.0,0.0,2.6,61.9,38.1
Norton,02180000,2.0,1.8,3.9,88.0,0.2,0.1,4.0,50.2,49.8
Norwell,02190000,0.5,2.2,1.6,92.9,0.1,0.2,2.6,51.8,48.2
Norwood,02200000,11.1,8.0,12.7,65.0,0.0,0.5,2.7,51.2,48.8
Oak Bluffs,02210000,3.7,1.4,24.6,61.6,1.6,0.0,7.1,49.0,51.0
Old Colony Regional Vocational Technical,08550000,2.0,0.7,2.5,92.2,0.2,0.0,2.4,62.7,37.3
Old Rochester,07400000,1.9,1.7,2.1,90.6,0.1,0.0,3.5,51.2,48.8
Old Sturbridge Academy Charter Public School (District),35150000,5.5,1.5,11.5,81.0,0.0,0.0,0.5,52.0,48.0
Orange,02230000,1.7,0.5,8.0,85.5,0.2,0.0,4.1,52.6,47.4
Orleans,02240000,1.8,1.4,7.3,86.2,0.5,0.0,2.8,51.4,48.6
Oxford,02260000,2.2,1.7,11.8,79.4,0.1,0.2,4.6,52.0,47.9
Palmer,02270000,3.1,2.3,10.9,79.0,0.0,0.0,4.8,50.1,49.9
Pathfinder Regional Vocational Technical,08600000,1.1,0.3,5.7,89.4,0.5,0.0,3.1,63.1,36.4
Paulo Freire Social Justice Charter School (District),35010000,3.6,0.4,91.6,4.4,0.0,0.0,0.0,42.5,57.5
Peabody,02290000,3.5,1.8,14.6,78.2,0.0,0.0,1.8,50.7,49.2
Pelham,02300000,4.4,2.2,11.1,77.0,0.0,0.0,5.2,51.9,48.1
Pembroke,02310000,0.6,1.1,0.4,96.2,0.1,0.1,1.6,51.8,48.2
Pentucket,07450000,0.5,1.3,4.6,91.5,0.0,0.0,2.1,53.3,46.7
Petersham,02340000,0.0,0.9,6.1,89.6,0.0,0.0,3.5,48.7,51.3
Phoenix Academy Public Charter High School Lawrence (District),35180000,0.0,0.0,93.3,5.9,0.8,0.0,0.0,65.5,34.5
Phoenix Academy Public Charter High School Springfield (District),35080000,17.7,0.5,70.2,8.6,0.0,0.0,3.0,49.5,50.5
Phoenix Charter Academy (District),04930000,13.9,0.0,79.1,6.0,1.0,0.0,0.0,51.7,48.3
Pioneer Charter School of Science (District),04940000,26.2,7.7,29.3,33.6,2.0,0.0,1.1,48.7,51.3
Pioneer Charter School of Science II (PCSS-II) (District),35060000,32.6,13.5,24.0,28.2,0.0,0.0,1.7,49.2,50.8
Pioneer Valley,07500000,0.4,0.4,1.9,93.5,0.1,0.0,3.6,49.8,50.2
Pioneer Valley Chinese Immersion Charter (District),04970000,8.3,17.8,7.2,52.0,0.0,0.0,14.7,47.3,52.6
Pioneer Valley Performing Arts Charter Public (District),04790000,8.3,1.8,15.8,66.3,0.3,0.0,7.8,30.8,69.3
Pittsfield,02360000,11.1,1.3,14.5,63.8,0.3,0.1,8.9,51.2,48.8
Plainville,02380000,3.9,4.2,7.9,81.0,0.3,0.0,2.7,50.8,49.2
Plymouth,02390000,1.9,1.2,5.2,87.0,0.2,0.0,4.4,52.1,47.8
Plympton,02400000,0.0,0.0,2.0,97.5,0.0,0.0,0.5,53.3,46.7
Prospect Hill Academy Charter (District),04870000,53.8,8.3,21.0,13.0,0.3,0.1,3.6,50.8,49.2
Provincetown,02420000,27.2,0.0,14.4,51.2,0.0,0.0,7.2,44.8,55.2
Quabbin,07530000,0.8,0.8,4.8,91.5,0.1,0.1,1.9,49.4,50.6
Quaboag Regional,07780000,0.8,0.2,6.8,88.5,0.0,0.0,3.8,50.7,49.1
Quincy,02430000,6.9,39.5,6.1,43.8,0.2,0.4,3.1,52.0,48.0
Ralph C Mahar,07550000,2.3,1.9,9.3,82.6,0.0,0.0,3.8,50.2,49.8
Randolph,02440000,49.9,17.5,15.0,11.7,0.4,0.3,5.3,54.6,45.4
Reading,02460000,2.5,5.3,2.8,86.8,0.1,0.0,2.3,51.8,48.2
Revere,02480000,3.4,4.7,55.3,34.3,0.3,0.0,1.9,51.2,48.8
Richmond,02490000,1.1,0.0,7.3,87.7,0.0,0.0,3.9,48.6,51.4
Rising Tide Charter Public (District),04830000,1.1,2.4,3.4,87.5,0.5,0.0,5.2,48.3,51.7
River Valley Charter (District),04820000,0.7,3.1,3.8,88.2,0.3,0.0,3.8,45.1,54.9
Rochester,02500000,1.0,0.0,2.3,91.0,0.0,0.0,5.7,51.5,48.5
Rockland,02510000,5.3,1.1,14.3,75.3,0.0,0.0,4.0,49.6,50.4
Rockport,02520000,1.0,1.7,1.7,95.4,0.0,0.0,0.2,50.8,49.2
Rowe,02530000,0.0,0.0,4.5,87.9,0.0,0.0,7.6,51.5,48.5
Roxbury Preparatory Charter (District),04840000,57.4,0.6,39.9,1.1,0.3,0.3,0.5,50.6,49.4
Sabis International Charter (District),04410000,29.4,4.1,41.0,20.0,0.0,0.0,5.5,50.5,49.5
Salem,02580000,6.7,3.1,39.3,46.0,0.1,0.0,4.8,51.9,48.1
Salem Academy Charter (District),04850000,9.6,6.1,39.7,42.8,0.0,0.0,1.8,46.6,53.4
Sandwich,02610000,1.2,2.4,2.3,92.6,0.6,0.1,0.8,50.4,49.6
Saugus,02620000,4.9,5.1,18.7,68.1,0.6,0.1,2.5,51.7,48.3
Savoy,02630000,4.8,0.0,3.2,92.1,0.0,0.0,0.0,52.4,47.6
Scituate,02640000,2.6,1.0,1.5,93.2,0.0,0.0,1.6,50.5,49.5
Seekonk,02650000,2.0,3.2,5.0,86.3,0.0,0.0,3.4,49.6,50.4
Seven Hills Charter Public (District),04860000,45.7,0.0,44.6,6.9,0.0,0.0,2.8,50.1,49.9
Sharon,02660000,4.8,29.0,5.2,55.8,0.1,0.1,5.0,51.6,48.4
Shawsheen Valley Regional Vocational Technical,08710000,1.1,1.2,4.9,90.6,0.2,0.0,2.0,58.2,41.8
Sherborn,02690000,2.4,7.5,3.6,79.9,0.0,0.0,6.5,50.4,49.6
Shrewsbury,02710000,2.9,31.5,8.2,53.3,0.4,0.0,3.6,50.3,49.7
Shutesbury,02720000,1.6,0.8,8.6,82.8,0.8,0.0,5.5,46.1,53.9
Silver Lake,07600000,1.5,1.1,1.8,94.7,0.2,0.1,0.6,52.4,47.6
Sizer School: A North Central Charter Essential (District),04740000,6.0,1.1,23.6,66.9,0.3,0.0,2.2,53.4,46.1
Somerset,02730000,1.1,1.1,4.0,91.1,0.2,0.0,2.4,51.6,48.4
Somerset Berkley Regional School District,07630000,1.1,1.4,3.7,92.5,0.1,0.3,1.1,49.8,50.2
Somerville,02740000,9.9,6.5,41.4,38.1,0.1,0.1,4.0,53.0,46.9
South Hadley,02780000,1.8,2.2,13.7,79.8,0.1,0.1,2.2,49.6,50.4
South Middlesex Regional Vocational Technical,08290000,5.2,0.4,42.8,46.1,1.9,0.0,3.6,60.0,40.0
South Shore Charter Public (District),04880000,29.3,5.1,3.8,54.5,0.4,0.1,6.8,50.0,49.8
South Shore Regional Vocational Technical,08730000,2.0,1.4,5.6,87.4,0.0,0.0,3.6,67.3,32.7
Southampton,02750000,0.2,1.4,5.8,90.2,0.2,0.0,2.2,50.9,49.1
Southborough,02760000,0.9,18.9,4.8,69.7,0.2,0.1,5.5,51.2,48.8
Southbridge,02770000,2.0,1.4,57.3,37.3,0.2,0.1,1.7,51.1,48.9
Southeastern Regional Vocational Technical,08720000,34.5,1.7,12.4,45.7,0.1,0.0,5.6,50.2,49.7
Southern Berkshire,07650000,0.9,0.1,7.1,86.2,0.7,0.0,4.9,50.1,49.9
Southern Worcester County Regional Vocational Technical,08760000,1.1,0.6,9.5,87.0,0.3,0.0,1.4,58.3,41.7
Southwick-Tolland-Granville Regional School District,07660000,1.8,0.9,4.4,90.6,0.3,0.0,2.1,51.0,49.0
Spencer-E Brookfield,07670000,2.0,1.0,13.3,80.7,0.3,0.0,2.7,54.5,45.5
Springfield,02810000,18.9,2.3,66.6,10.2,0.2,0.0,1.8,52.1,47.9
Springfield Preparatory Charter School (District),35100000,21.4,2.2,63.8,10.3,0.0,0.0,2.2,51.3,48.7
Stoneham,02840000,2.5,5.2,8.5,80.0,0.2,0.0,3.7,50.4,49.6
Stoughton,02850000,23.2,6.2,11.7,53.4,0.1,0.3,5.1,51.5,48.5
Sturbridge,02870000,1.2,1.6,5.9,86.0,0.5,0.1,4.7,55.6,44.4
Sturgis Charter Public (District),04890000,2.5,3.5,5.5,85.3,0.5,0.1,2.6,44.4,55.6
Sudbury,02880000,3.5,9.9,4.0,75.5,0.0,0.2,6.8,51.1,48.9
Sunderland,02890000,3.4,8.2,10.8,67.7,0.0,0.0,9.9,54.7,45.3
Sutton,02900000,1.0,1.3,2.2,91.4,0.1,0.0,4.0,50.5,49.5
Swampscott,02910000,3.3,2.6,11.1,80.2,0.2,0.0,2.4,51.2,48.8
Swansea,02920000,0.8,1.1,2.3,94.3,0.2,0.0,1.3,50.7,49.3
Tantasqua,07700000,0.7,1.0,5.2,90.2,0.2,0.0,2.8,50.5,49.4
Taunton,02930000,16.6,1.4,12.5,63.9,0.2,0.1,5.2,51.0,49.0
TEC Connections Academy Commonwealth Virtual School District,39020000,8.2,2.8,15.0,65.9,0.4,0.2,7.5,42.5,57.5
Tewksbury,02950000,3.4,3.6,4.6,87.1,0.1,0.0,1.2,50.6,49.4
Tisbury,02960000,5.1,0.3,25.9,60.6,1.3,0.0,6.7,53.5,46.5
Topsfield,02980000,0.5,1.1,2.3,92.5,0.8,0.0,2.8,49.5,50.5
Tri-County Regional Vocational Technical,08780000,0.7,1.0,5.7,87.9,0.3,0.3,4.2,58.3,41.5
Triton,07730000,1.0,1.6,3.1,92.2,0.1,0.2,1.9,51.5,48.5
Truro,03000000,7.5,0.0,10.4,64.2,0.0,0.0,17.9,48.1,51.9
Tyngsborough,03010000,3.7,6.8,4.6,81.5,0.2,0.0,3.2,51.2,48.8
UP Academy Charter School of Boston (District),04800000,44.1,6.0,44.7,2.5,0.0,0.2,2.5,52.4,47.6
UP Academy Charter School of Dorchester (District),35050000,54.8,0.8,40.5,1.1,0.4,0.7,1.7,50.4,49.6
Up-Island Regional,07740000,1.0,0.7,5.8,80.8,4.6,0.0,7.2,53.6,46.4
Upper Cape Cod Regional Vocational Technical,08790000,4.7,1.7,2.7,84.8,0.7,0.0,5.4,64.2,35.8
Uxbridge,03040000,1.5,1.4,4.6,90.0,0.5,0.1,2.0,53.9,46.1
Veritas Preparatory Charter School (District),04980000,17.0,1.4,74.1,4.9,0.3,0.0,2.3,46.4,53.6
Wachusett,07750000,2.2,2.9,5.4,87.2,0.1,0.0,2.2,50.2,49.8
Wakefield,03050000,2.9,3.6,6.8,83.2,0.2,0.3,3.1,50.7,49.3
Wales,03060000,2.0,0.7,1.4,92.5,0.7,0.0,2.7,54.4,45.6
Walpole,03070000,3.4,6.4,5.4,81.9,0.3,0.0,2.6,50.0,49.9
Waltham,03080000,9.7,5.3,40.7,41.9,0.1,0.0,2.3,52.7,47.3
Ware,03090000,1.7,0.7,5.7,87.9,0.1,0.2,3.8,50.0,50.0
Wareham,03100000,8.6,1.1,8.0,69.9,1.2,0.1,11.0,51.4,48.6
Watertown,03140000,3.8,7.9,17.2,64.9,0.5,0.1,5.7,51.5,48.5
Wayland,03150000,5.1,15.5,4.5,69.1,0.0,0.2,5.5,50.3,49.7
Webster,03160000,5.4,2.1,27.2,58.2,0.1,0.1,6.9,49.5,50.4
Wellesley,03170000,3.7,14.2,5.1,70.2,0.1,0.0,6.7,49.0,51.0
Wellfleet,03180000,2.9,1.0,2.9,82.9,0.0,0.0,10.5,55.2,44.8
West Boylston,03220000,3.0,1.8,10.8,80.0,0.1,0.0,4.3,48.5,51.5
West Bridgewater,03230000,4.7,1.0,3.3,86.3,0.4,0.1,4.3,48.9,51.1
West Springfield,03320000,3.5,8.2,19.2,66.3,0.1,0.0,2.7,51.2,48.8
Westborough,03210000,1.9,34.2,6.5,54.4,0.1,0.1,2.9,50.3,49.7
Westfield,03250000,2.3,3.3,15.4,76.4,0.1,0.0,2.4,51.2,48.8
Westford,03260000,0.9,26.8,1.8,66.6,0.1,0.0,3.8,51.4,48.6
Westhampton,03270000,0.0,0.8,4.1,94.2,0.0,0.0,0.8,52.9,47.1
Weston,03300000,6.3,17.2,6.1,64.9,0.2,0.0,5.3,50.8,49.2
Westport,03310000,0.3,0.6,3.5,91.2,0.3,0.0,4.2,54.6,45.4
Westwood,03350000,2.2,10.8,3.7,79.5,0.0,0.0,3.9,50.6,49.4
Weymouth,03360000,6.7,6.3,9.3,73.4,0.2,0.1,4.0,50.9,49.0
Whately,03370000,0.7,0.7,5.0,91.4,0.0,0.0,2.2,50.4,49.6
Whitman-Hanson,07800000,2.4,1.2,4.7,88.3,0.4,0.1,2.8,51.6,48.4
Whittier Regional Vocational Technical,08850000,2.3,1.0,20.9,71.9,0.3,0.0,3.5,54.0,46.0
Williamsburg,03400000,2.0,1.4,4.8,91.8,0.0,0.0,0.0,49.7,50.3
Wilmington,03420000,1.3,5.1,4.3,85.7,0.1,0.0,3.4,50.6,49.3
Winchendon,03430000,1.5,2.3,7.3,85.0,0.1,0.1,3.8,54.2,45.8
Winchester,03440000,1.0,17.4,3.4,72.0,0.2,0.0,6.0,50.5,49.5
Winthrop,03460000,1.4,0.8,15.6,80.5,0.1,0.0,1.6,50.7,49.3
Woburn,03470000,7.4,7.5,10.3,71.0,0.6,0.2,3.1,49.2,50.8
Worcester,03480000,16.3,6.7,42.9,29.6,0.2,0.0,4.3,51.1,48.9
Worthington,03490000,0.0,0.0,4.1,89.2,2.7,0.0,4.1,47.3,52.7
Wrentham,03500000,1.5,2.6,4.1,86.9,0.3,0.1,4.6,52.5,47.5
State Totals,00000000,9.2,7.0,20.8,59.0,0.2,0.1,3.8,51.2,48.7
